experiment,dataset,model,equation,mse,mae,law,noise,is_correct
boltzmann_entropy_high_noise,boltzmann_entropy_high_noise,GPLearn,log(omega),0.00350122,0.04695527,boltzmann_entropy_high,noise,False
boltzmann_entropy_high_noise,boltzmann_entropy_high_noise,MLP_Dropout,Red Neuronal (dropout),0.003877594,0.04951394,boltzmann_entropy_high,noise,False
boltzmann_entropy_high_noise,boltzmann_entropy_high_noise,MLP_Sparse,Red Neuronal (sparse),0.003521582,0.04707513,boltzmann_entropy_high,noise,False
boltzmann_entropy_high_noise,boltzmann_entropy_high_noise,MLP_Standard,Red Neuronal (standard),0.003533355,0.0472401,boltzmann_entropy_high,noise,False
boltzmann_entropy_high_noise,boltzmann_entropy_high_noise,Polynomial,0.0001046*omega**5 - 0.003543*omega**4 + 0.04762*omega**3 - 0.3294*omega**2 + 1.366*omega - 1.052,0.003527906,0.04715732,boltzmann_entropy_high,noise,False
boltzmann_entropy_high_noise,boltzmann_entropy_high_noise,PySINDy,2.313e-01*omega + 2.220e+00*(1/omega) + -2.885e+00*(1/omega^2),0.01470192,0.1003062,boltzmann_entropy_high,noise,False
boltzmann_entropy_high_noise,boltzmann_entropy_high_noise,PySR,log(omega),0.00350122,0.04695527,boltzmann_entropy_high,noise,False
boltzmann_entropy_high_noise,boltzmann_entropy_high_noise,QLattice,1.006*log(0.2613*omega + 0.00219) + 1.342,0.003519045,0.04712125,boltzmann_entropy_high,noise,False
boltzmann_entropy_low_noise,boltzmann_entropy_low_noise,GPLearn,log(omega),3.476571e-05,0.004665505,boltzmann_entropy_low,noise,False
boltzmann_entropy_low_noise,boltzmann_entropy_low_noise,MLP_Dropout,Red Neuronal (dropout),0.0002630258,0.01180047,boltzmann_entropy_low,noise,False
boltzmann_entropy_low_noise,boltzmann_entropy_low_noise,MLP_Sparse,Red Neuronal (sparse),4.599625e-05,0.005397962,boltzmann_entropy_low,noise,False
boltzmann_entropy_low_noise,boltzmann_entropy_low_noise,MLP_Standard,Red Neuronal (standard),5.470066e-05,0.005886977,boltzmann_entropy_low,noise,False
boltzmann_entropy_low_noise,boltzmann_entropy_low_noise,Polynomial,0.0001166*omega**5 - 0.003842*omega**4 + 0.05033*omega**3 - 0.3406*omega**2 + 1.387*omega - 1.068,4.959034e-05,0.005578139,boltzmann_entropy_low,noise,False
boltzmann_entropy_low_noise,boltzmann_entropy_low_noise,PySINDy,1.738e+00*1 + 8.819e-02*omega + -3.126e+00*(1/omega) + 1.351e+00*(1/omega^2),0.0001230401,0.009089567,boltzmann_entropy_low,noise,False
boltzmann_entropy_low_noise,boltzmann_entropy_low_noise,PySR,log(omega),3.476571e-05,0.004665505,boltzmann_entropy_low,noise,False
boltzmann_entropy_low_noise,boltzmann_entropy_low_noise,QLattice,1.001*log(0.2768*omega - 0.0002012) + 1.284,3.56345e-05,0.004740698,boltzmann_entropy_low,noise,False
boltzmann_entropy_no_noise,boltzmann_entropy_no_noise,GPLearn,log(omega),7.951219e-14,2.304552e-07,boltzmann_entropy_no,noise,False
boltzmann_entropy_no_noise,boltzmann_entropy_no_noise,MLP_Dropout,Red Neuronal (dropout),0.0003679575,0.01406232,boltzmann_entropy_no,noise,False
boltzmann_entropy_no_noise,boltzmann_entropy_no_noise,MLP_Sparse,Red Neuronal (sparse),9.19494e-06,0.001976804,boltzmann_entropy_no,noise,False
boltzmann_entropy_no_noise,boltzmann_entropy_no_noise,MLP_Standard,Red Neuronal (standard),9.665191e-07,0.0007891712,boltzmann_entropy_no,noise,False
boltzmann_entropy_no_noise,boltzmann_entropy_no_noise,Polynomial,0.0001172*omega**5 - 0.003861*omega**4 + 0.05056*omega**3 - 0.342*omega**2 + 1.39*omega - 1.071,1.489537e-05,0.003077572,boltzmann_entropy_no,noise,False
boltzmann_entropy_no_noise,boltzmann_entropy_no_noise,PySINDy,1.737e+00*1 + 8.828e-02*omega + -3.121e+00*(1/omega) + 1.346e+00*(1/omega^2),8.554225e-05,0.007883254,boltzmann_entropy_no,noise,False
boltzmann_entropy_no_noise,boltzmann_entropy_no_noise,PySR,log(omega),7.951219e-14,2.304552e-07,boltzmann_entropy_no,noise,False
boltzmann_entropy_no_noise,boltzmann_entropy_no_noise,QLattice,1.0*log(0.408*omega - 9.859e-7) + 0.8966,1.080149e-12,8.244233e-07,boltzmann_entropy_no,noise,False
coulomb_high_noise,coulomb_high_noise,GPLearn,q1*q2/r**2,0.01723759,0.1055551,coulomb_high,noise,False
coulomb_high_noise,coulomb_high_noise,MLP_Dropout,Red Neuronal (dropout),0.04283192,0.1434655,coulomb_high,noise,False
coulomb_high_noise,coulomb_high_noise,MLP_Sparse,Red Neuronal (sparse),0.01867869,0.1100217,coulomb_high,noise,False
coulomb_high_noise,coulomb_high_noise,MLP_Standard,Red Neuronal (standard),0.01890766,0.110484,coulomb_high,noise,False
coulomb_high_noise,coulomb_high_noise,Polynomial,-0.04889*q1**5 - 0.09459*q1**4*q2 + 0.09742*q1**4*r + 0.1753*q1**4 + 0.009172*q1**3*q2**2 - 0.007483*q1**3*q2*r + 0.3866*q1**3*q2 - 0.05592*q1**3*r**2 - 0.2045*q1**3*r - 0.3246*q1**3 - 0.01189*q1**2*q2**3 + 0.03733*q1**2*q2**2*r - 0.08743*q1**2*q2**2 + 0.002345*q1**2*q2*r**2 - 0.08075*q1**2*q2*r - 0.3261*q1**2*q2 + 0.0268*q1**2*r**3 - 0.004982*q1**2*r**2 + 0.3376*q1**2*r + 0.1916*q1**2 - 0.0533*q1*q2**4 + 0.03605*q1*q2**3*r + 0.191*q1*q2**3 + 0.001443*q1*q2**2*r**2 - 0.1996*q1*q2**2*r + 0.03462*q1*q2**2 - 0.7578*q1*q2*r**3 + 4.873*q1*q2*r**2 - 9.964*q1*q2*r + 7.111*q1*q2 + 0.6892*q1*r**4 - 4.897*q1*r**3 + 12.0*q1*r**2 - 12.11*q1*r + 3.98*q1 - 0.02137*q2**5 + 0.08475*q2**4*r + 0.00692*q2**4 - 0.0557*q2**3*r**2 - 0.2137*q2**3*r + 0.1477*q2**3 - 0.04339*q2**2*r**3 + 0.4307*q2**2*r**2 - 0.3653*q2**2*r - 0.04909*q2**2 + 0.7014*q2*r**4 - 4.834*q2*r**3 + 11.29*q2*r**2 - 10.72*q2*r + 3.512*q2 - 0.5859*r**5 + 4.386*r**4 - 11.73*r**3 + 13.5*r**2 - 6.225*r + 0.7821,0.02373826,0.12267,coulomb_high,noise,False
coulomb_high_noise,coulomb_high_noise,PySINDy,-9.682e-01*1 + 2.919e-01*q1 + 7.738e-02*q2 + 4.239e-01*r + 1.634e-01*q1^2 + 1.583e+00*q1 q2 + -6.145e-02*q1 r + 3.806e-01*q2^2 + -2.046e-02*q2 r + 9.131e-01*r^2 + 1.576e+00*q1^2 q2 + -7.795e-01*q1^2 r + 2.006e+00*q1 q2^2 + -5.268e+00*q1 q2 r + 1.159e+00*q1 r^2 + -1.352e+00*q2^2 r + 1.576e+00*q2 r^2 + -9.822e-01*r^3 + -9.944e-02*q1^4 + 2.331e-01*q1^3 r + -7.243e-01*q1^2 q2^2 + -1.307e-01*q1 q2^3 + 1.247e+00*q1 q2 r^2 + -3.153e-01*q1 r^3 + 3.746e-01*q2^2 r^2 + -5.290e-01*q2 r^3 + 2.290e-01*r^4 + -1.345e+00*(1/r) + 1.203e+00*(1/r^2),0.05411159,0.1694834,coulomb_high,noise,False
coulomb_high_noise,coulomb_high_noise,PySR,q1*q2/(r**2),0.01723759,0.1055551,coulomb_high,noise,False
coulomb_high_noise,coulomb_high_noise,QLattice,-0.01754 + 2.861*(0.8354*q1 + 0.002987)*(-0.3764*q2 - 0.00361)/((0.2168 - 1.1*r)*(0.7126*r + 0.3177)),0.0179822,0.1078069,coulomb_high,noise,False
coulomb_low_noise,coulomb_low_noise,GPLearn,q1*q2/r**2,0.0001761262,0.01071201,coulomb_low,noise,False
coulomb_low_noise,coulomb_low_noise,MLP_Dropout,Red Neuronal (dropout),0.006702824,0.04245504,coulomb_low,noise,False
coulomb_low_noise,coulomb_low_noise,MLP_Sparse,Red Neuronal (sparse),0.0007108683,0.0168388,coulomb_low,noise,False
coulomb_low_noise,coulomb_low_noise,MLP_Standard,Red Neuronal (standard),0.0003206062,0.01358954,coulomb_low,noise,False
coulomb_low_noise,coulomb_low_noise,Polynomial,-0.03695*q1**5 - 0.07018*q1**4*q2 + 0.08235*q1**4*r + 0.09222*q1**4 - 0.01631*q1**3*q2**2 + 0.05734*q1**3*q2*r + 0.2018*q1**3*q2 - 0.05828*q1**3*r**2 - 0.1706*q1**3*r - 0.04353*q1**3 - 0.01532*q1**2*q2**3 + 0.0293*q1**2*q2**2*r + 0.03724*q1**2*q2**2 - 0.03729*q1**2*q2*r**2 - 0.1088*q1**2*q2*r - 0.1409*q1**2*q2 + 0.03062*q1**2*r**3 + 0.04987*q1**2*r**2 + 0.1099*q1**2*r - 0.03707*q1**2 - 0.03131*q1*q2**4 - 0.004138*q1*q2**3*r + 0.1669*q1*q2**3 - 0.005154*q1*q2**2*r**2 - 0.03803*q1*q2**2*r - 0.2073*q1*q2**2 - 0.7544*q1*q2*r**3 + 4.924*q1*q2*r**2 - 10.17*q1*q2*r + 7.3*q1*q2 + 0.6734*q1*r**4 - 4.788*q1*r**3 + 11.63*q1*r**2 - 11.45*q1*r + 3.763*q1 - 0.0328*q2**5 - 0.008441*q2**4*r + 0.2141*q2**4 - 0.001185*q2**3*r**2 + 0.04378*q2**3*r - 0.5273*q2**3 - 0.02393*q2**2*r**3 + 0.1587*q2**2*r**2 - 0.3481*q2**2*r + 0.7105*q2**2 + 0.6864*q2*r**4 - 4.785*q2*r**3 + 11.48*q2*r**2 - 11.01*q2*r + 3.285*q2 - 0.5829*r**5 + 4.385*r**4 - 11.79*r**3 + 13.65*r**2 - 6.367*r + 0.8578,0.006639366,0.05521011,coulomb_low,noise,False
coulomb_low_noise,coulomb_low_noise,PySINDy,-1.036e+00*1 + 6.672e-01*q1 + 2.836e-01*q2 + 4.037e-01*r + 1.870e-01*q1^2 + 1.753e+00*q1 q2 + -3.034e-01*q1 r + -3.204e-02*q2 r + 9.507e-01*r^2 + -8.273e-01*q1^3 + 2.421e+00*q1^2 q2 + -3.238e-01*q1^2 r + 1.448e+00*q1 q2^2 + -5.384e+00*q1 q2 r + 1.059e+00*q1 r^2 + 2.033e-01*q2^3 + -1.281e+00*q2^2 r + 1.558e+00*q2 r^2 + -9.654e-01*r^3 + 2.923e-01*q1^4 + -5.161e-01*q1^3 q2 + 7.907e-02*q1^3 r + -4.000e-01*q1^2 q2^2 + 5.714e-02*q1^2 q2 r + -1.862e-01*q1 q2^3 + 1.245e+00*q1 q2 r^2 + -2.929e-01*q1 r^3 + 3.533e-01*q2^2 r^2 + -5.171e-01*q2 r^3 + 2.209e-01*r^4 + -1.407e+00*(1/r) + 1.218e+00*(1/r^2),0.03805858,0.1236649,coulomb_low,noise,False
coulomb_low_noise,coulomb_low_noise,PySR,q1*q2/(r**2),0.0001761262,0.01071201,coulomb_low,noise,False
coulomb_low_noise,coulomb_low_noise,QLattice,2.086*(0.3505*q1 + 0.001896)*(-1.717*q2 - 0.00349)/log(exp(-2.0*(0.03469*q1 - 0.05535)**2 - 2.0*(0.7927*r + 0.001318)**2)) - 0.0005702,0.0002721826,0.01245224,coulomb_low,noise,False
coulomb_no_noise,coulomb_no_noise,GPLearn,q1*q2/r**2,3.014598e-13,2.418464e-07,coulomb_no,noise,False
coulomb_no_noise,coulomb_no_noise,MLP_Dropout,Red Neuronal (dropout),0.008971047,0.05241913,coulomb_no,noise,False
coulomb_no_noise,coulomb_no_noise,MLP_Sparse,Red Neuronal (sparse),0.0007156291,0.01479622,coulomb_no,noise,False
coulomb_no_noise,coulomb_no_noise,MLP_Standard,Red Neuronal (standard),0.0002025031,0.009683712,coulomb_no,noise,False
coulomb_no_noise,coulomb_no_noise,Polynomial,-0.0382*q1**5 - 0.07292*q1**4*q2 + 0.08007*q1**4*r + 0.1037*q1**4 - 0.02001*q1**3*q2**2 + 0.05794*q1**3*q2*r + 0.218*q1**3*q2 - 0.05532*q1**3*r**2 - 0.1694*q1**3*r - 0.07443*q1**3 - 0.01571*q1**2*q2**3 + 0.03159*q1**2*q2**2*r + 0.04768*q1**2*q2**2 - 0.03447*q1**2*q2*r**2 - 0.1255*q1**2*q2*r - 0.159*q1**2*q2 + 0.03163*q1**2*r**3 + 0.03227*q1**2*r**2 + 0.1446*q1**2*r - 0.02159*q1**2 - 0.02047*q1*q2**4 - 0.004118*q1*q2**3*r + 0.1226*q1*q2**3 - 0.002232*q1*q2**2*r**2 - 0.0537*q1*q2**2*r - 0.1445*q1*q2**2 - 0.753*q1*q2*r**3 + 4.904*q1*q2*r**2 - 10.1*q1*q2*r + 7.243*q1*q2 + 0.6759*q1*r**4 - 4.808*q1*r**3 + 11.69*q1*r**2 - 11.56*q1*r + 3.804*q1 - 0.02988*q2**5 - 0.003646*q2**4*r + 0.1787*q2**4 - 0.003255*q2**3*r**2 + 0.03091*q2**3*r - 0.4193*q2**3 - 0.02286*q2**2*r**3 + 0.1575*q2**2*r**2 - 0.3245*q2**2*r + 0.577*q2**2 + 0.6864*q2*r**4 - 4.788*q2*r**3 + 11.5*q2*r**2 - 11.06*q2*r + 3.369*q2 - 0.5815*r**5 + 4.37*r**4 - 11.73*r**3 + 13.54*r**2 - 6.266*r + 0.8159,0.006539311,0.05459619,coulomb_no,noise,False
coulomb_no_noise,coulomb_no_noise,PySINDy,-1.037e+00*1 + 6.685e-01*q1 + 2.824e-01*q2 + 4.028e-01*r + 1.877e-01*q1^2 + 1.753e+00*q1 q2 + -3.029e-01*q1 r + -3.206e-02*q2 r + 9.503e-01*r^2 + -8.274e-01*q1^3 + 2.422e+00*q1^2 q2 + -3.256e-01*q1^2 r + 1.445e+00*q1 q2^2 + -5.381e+00*q1 q2 r + 1.059e+00*q1 r^2 + 2.046e-01*q2^3 + -1.283e+00*q2^2 r + 1.559e+00*q2 r^2 + -9.644e-01*r^3 + 2.918e-01*q1^4 + -5.169e-01*q1^3 q2 + 8.031e-02*q1^3 r + -3.981e-01*q1^2 q2^2 + 5.629e-02*q1^2 q2 r + -1.866e-01*q1 q2^3 + 1.244e+00*q1 q2 r^2 + -2.929e-01*q1 r^3 + 3.539e-01*q2^2 r^2 + -5.174e-01*q2 r^3 + 2.207e-01*r^4 + -1.407e+00*(1/r) + 1.218e+00*(1/r^2),0.03790457,0.1234656,coulomb_no,noise,False
coulomb_no_noise,coulomb_no_noise,PySR,q1*q2/(r**2),3.137158e-13,2.428893e-07,coulomb_no,noise,False
coulomb_no_noise,coulomb_no_noise,QLattice,2.042*(-0.3664 + 0.9505/(0.4956*r - 0.1376))*(0.002036 - 0.866*q1)*(0.21*q2 - 0.000818)*(0.3189*r - 1.517) + 0.01629,0.001424018,0.02688219,coulomb_no,noise,False
ideal_gas_high_noise,ideal_gas_high_noise,GPLearn,T*n/V,0.009726382,0.07847146,ideal_gas_high,noise,False
ideal_gas_high_noise,ideal_gas_high_noise,MLP_Dropout,Red Neuronal (dropout),0.01589605,0.09593596,ideal_gas_high,noise,False
ideal_gas_high_noise,ideal_gas_high_noise,MLP_Sparse,Red Neuronal (sparse),0.01031802,0.08070891,ideal_gas_high,noise,False
ideal_gas_high_noise,ideal_gas_high_noise,MLP_Standard,Red Neuronal (standard),0.01008925,0.08016484,ideal_gas_high,noise,False
ideal_gas_high_noise,ideal_gas_high_noise,Polynomial,0.04708*T**5 + 0.04781*T**4*V + 0.2425*T**4*n - 0.593*T**4 + 0.1472*T**3*V**2 - 0.1126*T**3*V*n - 0.4358*T**3*V + 0.1026*T**3*n**2 - 1.344*T**3*n + 2.35*T**3 + 0.161*T**2*V**3 + 0.02838*T**2*V**2*n - 1.173*T**2*V**2 - 0.05046*T**2*V*n**2 + 0.4331*T**2*V*n + 1.875*T**2*V - 0.2394*T**2*n**3 + 0.6142*T**2*n**2 + 1.426*T**2*n - 3.828*T**2 + 0.6973*T*V**4 - 0.7056*T*V**3*n - 3.785*T*V**3 - 0.01687*T*V**2*n**2 + 3.306*T*V**2*n + 8.03*T*V**2 + 0.1002*T*V*n**3 - 0.2197*T*V*n**2 - 5.775*T*V*n - 7.334*T*V - 0.2562*T*n**4 + 1.78*T*n**3 - 3.942*T*n**2 + 6.086*T*n + 3.398*T - 0.6253*V**5 + 0.6732*V**4*n + 3.037*V**4 - 0.02659*V**3*n**2 - 3.26*V**3*n - 4.977*V**3 + 0.1023*V**2*n**3 - 0.266*V**2*n**2 + 6.106*V**2*n + 2.367*V**2 - 0.1319*V*n**4 + 0.166*V*n**3 + 0.4731*V*n**2 - 5.22*V*n + 1.191*V + 0.1518*n**5 - 0.5023*n**4 + 0.0839*n**3 + 1.205*n**2 + 0.1875*n - 0.8059,0.009826588,0.07905652,ideal_gas_high,noise,False
ideal_gas_high_noise,ideal_gas_high_noise,PySINDy,4.225e-02*1 + 4.059e-01*n + 1.887e-01*T + 6.093e-01*V + 3.542e-01*n^2 + 5.153e-01*n T + -7.840e-02*n V + 3.448e-01*T^2 + -1.557e-01*T V + -5.696e-02*n^3 + 4.240e-01*n^2 T + -6.509e-01*n^2 V + 4.696e-01*n T^2 + -4.804e-01*n T V + -2.732e-01*n V^2 + -4.192e-01*T^2 V + -3.483e-01*T V^2 + 2.784e-01*V^3 + -2.304e-03*n^4 + -3.098e-03*n^3 T + 5.937e-02*n^2 T^2 + -4.233e-01*n^2 T V + 4.728e-01*n^2 V^2 + -5.438e-02*n T^3 + -3.559e-01*n T^2 V + 6.483e-01*n T V^2 + -2.144e-01*n V^3 + -7.525e-02*T^3 V + 4.471e-01*T^2 V^2 + -1.873e-01*T V^3 + -3.350e-02*V^4 + -3.565e-01*(1/n) + -4.815e-02*(1/T) + -4.286e-01*(1/V) + 7.825e-02*(1/n^2) + -4.475e-02*(1/T^2) + 3.510e-01*(1/V^2),0.01151356,0.0852362,ideal_gas_high,noise,False
ideal_gas_high_noise,ideal_gas_high_noise,PySR,T*n/V,0.009726382,0.07847146,ideal_gas_high,noise,False
ideal_gas_high_noise,ideal_gas_high_noise,QLattice,-1.513*(0.4255*V - 2.057)*(4.187*n + 0.02365)*exp(-2.0*(1.034 - 0.4076*T)**2 - 2.0*tanh(1.033*V + 0.3758)**2) - 0.003292,0.01021744,0.08043393,ideal_gas_high,noise,False
ideal_gas_low_noise,ideal_gas_low_noise,GPLearn,T*n/V,9.351741e-05,0.007717455,ideal_gas_low,noise,False
ideal_gas_low_noise,ideal_gas_low_noise,MLP_Dropout,Red Neuronal (dropout),0.003054739,0.04141923,ideal_gas_low,noise,False
ideal_gas_low_noise,ideal_gas_low_noise,MLP_Sparse,Red Neuronal (sparse),0.0002123472,0.01010003,ideal_gas_low,noise,False
ideal_gas_low_noise,ideal_gas_low_noise,MLP_Standard,Red Neuronal (standard),0.0001130706,0.00852992,ideal_gas_low,noise,False
ideal_gas_low_noise,ideal_gas_low_noise,Polynomial,0.03444*T**5 - 0.01838*T**4*V + 0.0205*T**4*n - 0.2105*T**4 + 0.00171*T**3*V**2 + 0.003067*T**3*V*n + 0.07995*T**3*V - 0.001242*T**3*n**2 - 0.104*T**3*n + 0.5036*T**3 + 0.01168*T**2*V**3 - 0.01144*T**2*V**2*n - 0.03136*T**2*V**2 - 0.0001486*T**2*V*n**2 + 0.01132*T**2*V*n - 0.1112*T**2*V - 0.01685*T**2*n**3 + 0.05925*T**2*n**2 + 0.1271*T**2*n - 0.5719*T**2 + 0.7506*T*V**4 - 0.6699*T*V**3*n - 3.772*T*V**3 + 0.009763*T*V**2*n**2 + 3.261*T*V**2*n + 6.712*T*V**2 + 0.01758*T*V*n**3 - 0.0902*T*V*n**2 - 5.51*T*V*n - 4.902*T*V - 0.02379*T*n**4 + 0.1343*T*n**3 - 0.2375*T*n**2 + 4.023*T*n + 1.57*T - 0.82*V**5 + 0.7228*V**4*n + 4.196*V**4 + 0.02154*V**3*n**2 - 3.646*V**3*n - 7.63*V**3 + 0.01228*V**2*n**3 - 0.1419*V**2*n**2 + 6.621*V**2*n + 5.727*V**2 + 0.007836*V*n**4 - 0.08987*V*n**3 + 0.3904*V*n**2 - 5.244*V*n - 1.37*V - 6.333e-5*n**5 + 0.01987*n**4 - 0.07377*n**3 + 0.01804*n**2 + 1.366*n - 0.1333,0.0001267367,0.008810921,ideal_gas_low,noise,False
ideal_gas_low_noise,ideal_gas_low_noise,PySINDy,-9.143e-03*1 + 3.459e-01*n + 2.911e-01*T + 4.387e-01*V + 4.221e-01*n^2 + 4.709e-01*n T + -1.555e-01*n V + 4.263e-01*T^2 + -1.787e-01*T V + 4.623e-01*V^2 + -1.429e-01*n^3 + 4.272e-01*n^2 T + -3.464e-01*n^2 V + 4.931e-01*n T^2 + -6.259e-01*n T V + -4.214e-01*n V^2 + -1.393e-01*T^3 + -2.871e-01*T^2 V + -4.635e-01*T V^2 + 5.187e-02*V^3 + 7.212e-02*n^3 T + -2.629e-02*n^3 V + -6.266e-02*n^2 T^2 + -4.270e-01*n^2 T V + 3.883e-01*n^2 V^2 + 4.924e-02*n T^3 + -4.089e-01*n T^2 V + 7.633e-01*n T V^2 + -1.603e-01*n V^3 + -3.987e-02*T^3 V + 3.813e-01*T^2 V^2 + -1.470e-01*T V^3 + -7.612e-04*V^4 + -2.855e-01*(1/n) + -1.663e-01*(1/T) + -3.941e-01*(1/V) + 4.767e-02*(1/n^2) + 3.521e-01*(1/V^2),0.001687199,0.02781116,ideal_gas_low,noise,False
ideal_gas_low_noise,ideal_gas_low_noise,PySR,T*n/V,9.351741e-05,0.007717455,ideal_gas_low,noise,False
ideal_gas_low_noise,ideal_gas_low_noise,QLattice,-2.466*(0.003451 - 0.1432*T)*(0.01855 - 0.8373*n)/log((0.4792 - 0.05284*V)*(2.062 - 0.3046*V)) + 0.0341,0.0003417424,0.01432392,ideal_gas_low,noise,False
ideal_gas_no_noise,ideal_gas_no_noise,GPLearn,T*n/V,3.208209e-13,3.816932e-07,ideal_gas_no,noise,False
ideal_gas_no_noise,ideal_gas_no_noise,MLP_Dropout,Red Neuronal (dropout),0.00224518,0.03480122,ideal_gas_no,noise,False
ideal_gas_no_noise,ideal_gas_no_noise,MLP_Sparse,Red Neuronal (sparse),9.72756e-05,0.005284735,ideal_gas_no,noise,False
ideal_gas_no_noise,ideal_gas_no_noise,MLP_Standard,Red Neuronal (standard),1.810899e-05,0.003392659,ideal_gas_no,noise,False
ideal_gas_no_noise,ideal_gas_no_noise,Polynomial,0.009562*T**5 - 0.0006943*T**4*V + 0.008799*T**4*n - 0.06858*T**4 - 0.004374*T**3*V**2 - 0.0002319*T**3*V*n + 0.01157*T**3*V - 0.01408*T**3*n**2 - 0.00914*T**3*n + 0.1667*T**3 + 0.007747*T**2*V**3 - 0.003323*T**2*V**2*n - 0.009598*T**2*V**2 + 0.01793*T**2*V*n**2 - 0.03999*T**2*V*n + 0.01894*T**2*V - 0.01398*T**2*n**3 + 0.07995*T**2*n**2 - 0.04805*T**2*n - 0.193*T**2 + 0.7436*T*V**4 - 0.6626*T*V**3*n - 3.731*T*V**3 - 0.005874*T*V**2*n**2 + 3.251*T*V**2*n + 6.621*T*V**2 + 0.01239*T*V*n**3 - 0.07678*T*V*n**2 - 5.451*T*V*n - 4.967*T*V - 0.01322*T*n**4 + 0.08495*T*n**3 - 0.1952*T*n**2 + 4.12*T*n + 1.373*T - 0.8165*V**5 + 0.7305*V**4*n + 4.178*V**4 + 0.006936*V**3*n**2 - 3.665*V**3*n - 7.609*V**3 - 0.01173*V**2*n**3 + 0.02709*V**2*n**2 + 6.457*V**2*n + 5.808*V**2 + 0.007399*V*n**4 - 0.02193*V*n**3 + 0.04261*V*n**2 - 4.848*V*n - 1.512*V - 0.001043*n**5 + 0.01334*n**4 - 0.06673*n**3 + 0.1309*n**2 + 1.153*n - 0.01961,3.145443e-05,0.003904467,ideal_gas_no,noise,False
ideal_gas_no_noise,ideal_gas_no_noise,PySINDy,-5.103e-03*1 + 5.501e-01*n + 3.656e-01*T + 4.986e-01*V + 5.764e-01*n T + -3.280e-02*n V + 5.287e-01*T^2 + -1.794e-01*T V + 4.945e-01*V^2 + 8.199e-02*n^3 + 3.157e-01*n^2 T + -4.306e-01*n^2 V + 6.117e-01*n T^2 + -7.953e-01*n T V + -3.337e-01*n V^2 + -2.766e-01*T^3 + -2.605e-01*T^2 V + -5.365e-01*T V^2 + -6.580e-03*V^3 + 1.150e-02*n^4 + -6.317e-03*n^3 T + -1.222e-01*n^3 V + -1.123e-01*n^2 T^2 + 3.596e-01*n^2 V^2 + 1.138e-01*n T^3 + -5.907e-01*n T^2 V + 5.930e-01*n T V^2 + -1.093e-01*n V^3 + 1.703e-02*T^3 V + 3.806e-01*T^2 V^2 + -6.815e-02*T V^3 + -1.524e-02*V^4 + -5.506e-01*(1/n) + -1.259e-01*(1/T) + -4.568e-01*(1/V) + 1.312e-01*(1/n^2) + 3.799e-01*(1/V^2),0.001764268,0.02898091,ideal_gas_no,noise,False
ideal_gas_no_noise,ideal_gas_no_noise,PySR,T*n/V,3.208209e-13,3.816932e-07,ideal_gas_no,noise,False
ideal_gas_no_noise,ideal_gas_no_noise,QLattice,-0.7828*(4.93*T + 0.0003735)*(-0.5844*n - 4.202e-5)/(2.255*V + 5.106e-5) - 4.867e-5,1.236549e-08,9.718479e-05,ideal_gas_no,noise,False
kepler_high_noise,kepler_high_noise,GPLearn,r**(3/2),0.0223648,0.1194249,kepler_high,noise,False
kepler_high_noise,kepler_high_noise,MLP_Dropout,Red Neuronal (dropout),0.02629705,0.1298944,kepler_high,noise,False
kepler_high_noise,kepler_high_noise,MLP_Sparse,Red Neuronal (sparse),0.02285575,0.1208216,kepler_high,noise,False
kepler_high_noise,kepler_high_noise,MLP_Standard,Red Neuronal (standard),0.02449346,0.1250388,kepler_high,noise,False
kepler_high_noise,kepler_high_noise,Polynomial,-0.006829*r**5 + 0.07283*r**4 - 0.3143*r**3 + 0.9476*r**2 + 0.3077*r - 0.006732,0.02234709,0.1193654,kepler_high,noise,False
kepler_high_noise,kepler_high_noise,PySINDy,-5.532e-02*1 + 5.813e-01*r + 5.171e-01*r^2 + -4.286e-02*r^3,0.02235431,0.119377,kepler_high,noise,False
kepler_high_noise,kepler_high_noise,PySR,r**1.5005707,0.02235208,0.1193806,kepler_high,noise,False
kepler_high_noise,kepler_high_noise,QLattice,2.328*sqrt(0.2723*r - 0.02623)*(0.8264*r + 0.04165) + 0.01473,0.02257575,0.1198175,kepler_high,noise,False
kepler_low_noise,kepler_low_noise,GPLearn,r**(3/2),0.0002316715,0.01211924,kepler_low,noise,False
kepler_low_noise,kepler_low_noise,MLP_Dropout,Red Neuronal (dropout),0.001590236,0.03057879,kepler_low,noise,False
kepler_low_noise,kepler_low_noise,MLP_Sparse,Red Neuronal (sparse),0.0002662615,0.01298667,kepler_low,noise,False
kepler_low_noise,kepler_low_noise,MLP_Standard,Red Neuronal (standard),0.0002476984,0.01251482,kepler_low,noise,False
kepler_low_noise,kepler_low_noise,Polynomial,-0.006601*r**5 + 0.06382*r**4 - 0.2642*r**3 + 0.8515*r**2 + 0.3709*r - 0.01556,0.0002317471,0.01212557,kepler_low,noise,False
kepler_low_noise,kepler_low_noise,PySINDy,-1.259e-01*1 + 8.277e-01*r + 3.200e-01*r^2,0.0006222392,0.01992949,kepler_low,noise,False
kepler_low_noise,kepler_low_noise,PySR,r**1.5000477,0.0002316103,0.01211694,kepler_low,noise,False
kepler_low_noise,kepler_low_noise,QLattice,2.811*(0.4257*r - 0.07997)*sqrt(0.7084*r + 0.1913) + 0.08083,0.0002381405,0.01228711,kepler_low,noise,False
kepler_no_noise,kepler_no_noise,GPLearn,r**(3/2),3.414882e-13,4.037377e-07,kepler_no,noise,False
kepler_no_noise,kepler_no_noise,MLP_Dropout,Red Neuronal (dropout),0.003737862,0.04372949,kepler_no,noise,False
kepler_no_noise,kepler_no_noise,MLP_Sparse,Red Neuronal (sparse),3.167199e-05,0.004443162,kepler_no,noise,False
kepler_no_noise,kepler_no_noise,MLP_Standard,Red Neuronal (standard),2.006524e-06,0.0009795493,kepler_no,noise,False
kepler_no_noise,kepler_no_noise,Polynomial,-0.005556*r**5 + 0.05599*r**4 - 0.2424*r**3 + 0.8236*r**2 + 0.3864*r - 0.01845,3.451105e-07,0.0004520796,kepler_no,noise,False
kepler_no_noise,kepler_no_noise,PySINDy,-5.211e-02*1 + 5.788e-01*r + 5.144e-01*r^2 + -4.175e-02*r^3,2.19889e-05,0.003834538,kepler_no,noise,False
kepler_no_noise,kepler_no_noise,PySR,r**1.4999973,4.041478e-11,4.361216e-06,kepler_no,noise,False
kepler_no_noise,kepler_no_noise,QLattice,-1.481*(-0.5112*r - 0.008606)*sqrt(1.746*r - 0.06359) + 0.001729,1.803293e-07,0.0003725082,kepler_no,noise,False
newton_cooling_high_noise,newton_cooling_high_noise,GPLearn,1.36612021857923,0.09207587,0.2640848,newton_cooling_high,noise,False
newton_cooling_high_noise,newton_cooling_high_noise,MLP_Dropout,Red Neuronal (dropout),0.001363311,0.02933495,newton_cooling_high,noise,False
newton_cooling_high_noise,newton_cooling_high_noise,MLP_Sparse,Red Neuronal (sparse),0.0009833614,0.02502338,newton_cooling_high,noise,False
newton_cooling_high_noise,newton_cooling_high_noise,MLP_Standard,Red Neuronal (standard),0.0009723534,0.02486407,newton_cooling_high,noise,False
newton_cooling_high_noise,newton_cooling_high_noise,Polynomial,-0.02462*k**5 + 0.06923*k**4*t + 0.08113*k**4 - 0.01202*k**3*t**2 - 0.3743*k**3*t - 0.01005*k**3 - 0.005792*k**2*t**3 + 0.0124*k**2*t**2 + 0.9156*k**2*t - 0.2159*k**2 + 0.02914*k*t**4 - 0.2272*k*t**3 + 0.7454*k*t**2 - 1.853*k*t + 0.2277*k - 0.004265*t**5 + 0.01671*t**4 + 0.02254*t**3 - 0.1726*t**2 + 0.2045*t + 1.945,0.0009550973,0.02466276,newton_cooling_high,noise,False
newton_cooling_high_noise,newton_cooling_high_noise,PySINDy,1.977e+00*1 + 1.685e-01*k + -8.689e-02*k^2 + -1.512e+00*k t + -1.178e-01*k^3 + 7.587e-01*k^2 t + 3.725e-01*k t^2 + 5.774e-02*k^4 + -1.677e-01*k^3 t + -3.019e-02*k^2 t^2 + -4.852e-02*k t^3,0.001175183,0.02711809,newton_cooling_high,noise,False
newton_cooling_high_noise,newton_cooling_high_noise,PySR,1.0000027 + exp(-k*t),0.0009435433,0.0245316,newton_cooling_high,noise,False
newton_cooling_high_noise,newton_cooling_high_noise,QLattice,1.003*exp((0.8531*k + 0.003694)*(-1.16*t - 0.004288)) + 0.9993,0.0009426952,0.02452546,newton_cooling_high,noise,False
newton_cooling_low_noise,newton_cooling_low_noise,GPLearn,1.36612021857923,0.09126583,0.2634656,newton_cooling_low,noise,False
newton_cooling_low_noise,newton_cooling_low_noise,MLP_Dropout,Red Neuronal (dropout),0.0001382636,0.008778685,newton_cooling_low,noise,False
newton_cooling_low_noise,newton_cooling_low_noise,MLP_Sparse,Red Neuronal (sparse),1.989343e-05,0.003346397,newton_cooling_low,noise,False
newton_cooling_low_noise,newton_cooling_low_noise,MLP_Standard,Red Neuronal (standard),1.606622e-05,0.003134043,newton_cooling_low,noise,False
newton_cooling_low_noise,newton_cooling_low_noise,Polynomial,-0.0308*k**5 + 0.07308*k**4*t + 0.1219*k**4 - 0.0072*k**3*t**2 - 0.4008*k**3*t - 0.1135*k**3 - 0.007427*k**2*t**3 + 0.004861*k**2*t**2 + 0.9603*k**2*t - 0.09035*k**2 + 0.02672*k*t**4 - 0.208*k*t**3 + 0.7102*k*t**2 - 1.849*k*t + 0.1551*k - 0.005016*t**5 + 0.02569*t**4 - 0.01596*t**3 - 0.1044*t**2 + 0.1608*t + 1.964,1.828182e-05,0.003335655,newton_cooling_low,noise,False
newton_cooling_low_noise,newton_cooling_low_noise,PySINDy,2.002e+00*1 + 1.995e-01*k^2 + -1.503e+00*k t + -2.978e-01*k^3 + 7.432e-01*k^2 t + 3.733e-01*k t^2 + 9.602e-02*k^4 + -1.633e-01*k^3 t + -2.943e-02*k^2 t^2 + -4.881e-02*k t^3,0.0002074983,0.01093222,newton_cooling_low,noise,False
newton_cooling_low_noise,newton_cooling_low_noise,PySR,exp(k*(-1.0004783))**t + 1.000121,8.758667e-06,0.002345431,newton_cooling_low,noise,False
newton_cooling_low_noise,newton_cooling_low_noise,QLattice,1.0*exp((0.000273 - 0.5565*t)*(1.798*k - 0.0005221)) + 1.0,9.273525e-06,0.002410736,newton_cooling_low,noise,False
newton_cooling_no_noise,newton_cooling_no_noise,GPLearn,1.36612021857923,0.09125555,0.2634821,newton_cooling_no,noise,False
newton_cooling_no_noise,newton_cooling_no_noise,MLP_Dropout,Red Neuronal (dropout),0.0001411889,0.008876773,newton_cooling_no,noise,False
newton_cooling_no_noise,newton_cooling_no_noise,MLP_Sparse,Red Neuronal (sparse),9.81516e-06,0.001980121,newton_cooling_no,noise,False
newton_cooling_no_noise,newton_cooling_no_noise,MLP_Standard,Red Neuronal (standard),2.930437e-07,0.0003942586,newton_cooling_no,noise,False
newton_cooling_no_noise,newton_cooling_no_noise,Polynomial,-0.03169*k**5 + 0.0738*k**4*t + 0.1245*k**4 - 0.006675*k**3*t**2 - 0.4051*k**3*t - 0.113*k**3 - 0.007442*k**2*t**3 + 0.00308*k**2*t**2 + 0.9692*k**2*t - 0.0974*k**2 + 0.02683*k*t**4 - 0.2085*k*t**3 + 0.7124*k*t**2 - 1.856*k*t + 0.1613*k - 0.004806*t**5 + 0.02412*t**4 - 0.01189*t**3 - 0.1092*t**2 + 0.1645*t + 1.962,9.547647e-06,0.002285947,newton_cooling_no,noise,False
newton_cooling_no_noise,newton_cooling_no_noise,PySINDy,2.002e+00*1 + 1.984e-01*k^2 + -1.501e+00*k t + -2.967e-01*k^3 + 7.422e-01*k^2 t + 3.724e-01*k t^2 + 9.569e-02*k^4 + -1.631e-01*k^3 t + -2.928e-02*k^2 t^2 + -4.867e-02*k t^3,0.0002008608,0.01070324,newton_cooling_no,noise,False
newton_cooling_no_noise,newton_cooling_no_noise,PySR,1.0 + exp(-k*t),8.778045e-14,2.5177e-07,newton_cooling_no,noise,False
newton_cooling_no_noise,newton_cooling_no_noise,QLattice,1.0*exp((1.272e-5 - 0.8423*t)*(1.187*k - 5.843e-5)*exp(-2.0*(0.9056 - 0.8714*k)**2*(3.276e-6*t - 1.118e-5)**2)) + 1.0,6.21663e-10,2.356577e-05,newton_cooling_no,noise,False
oscillator_high_noise,oscillator_high_noise,GPLearn,-0.995*x,0.01407463,0.09493871,oscillator_high,noise,False
oscillator_high_noise,oscillator_high_noise,MLP_Dropout,Red Neuronal (dropout),0.01704938,0.1053884,oscillator_high,noise,False
oscillator_high_noise,oscillator_high_noise,MLP_Sparse,Red Neuronal (sparse),0.01416679,0.09531507,oscillator_high,noise,False
oscillator_high_noise,oscillator_high_noise,MLP_Standard,Red Neuronal (standard),0.01413047,0.09520726,oscillator_high,noise,False
oscillator_high_noise,oscillator_high_noise,Polynomial,-0.0006365*x**5 + 0.00138*x**4 + 0.002858*x**3 - 0.003989*x**2 - 1.002*x + 0.002765,0.01407222,0.09477136,oscillator_high,noise,False
oscillator_high_noise,oscillator_high_noise,PySINDy,-9.992e-01*x,0.01404889,0.09471713,oscillator_high,noise,False
oscillator_high_noise,oscillator_high_noise,PySR,0.0019095138 - x,0.01407082,0.09474811,oscillator_high,noise,False
oscillator_high_noise,oscillator_high_noise,QLattice,0.01087 - 0.9964*x,0.01427711,0.09543719,oscillator_high,noise,False
oscillator_low_noise,oscillator_low_noise,GPLearn,-0.995*x,0.0001806799,0.01084241,oscillator_low,noise,False
oscillator_low_noise,oscillator_low_noise,MLP_Dropout,Red Neuronal (dropout),0.003454445,0.04790569,oscillator_low,noise,False
oscillator_low_noise,oscillator_low_noise,MLP_Sparse,Red Neuronal (sparse),0.0001993997,0.01135548,oscillator_low,noise,False
oscillator_low_noise,oscillator_low_noise,MLP_Standard,Red Neuronal (standard),0.0001598017,0.01017648,oscillator_low,noise,False
oscillator_low_noise,oscillator_low_noise,Polynomial,0.0001097*x**5 + 9.195e-6*x**4 - 0.0003538*x**3 - 0.0002939*x**2 - 0.9999*x + 0.0001155,0.0001423222,0.009565863,oscillator_low,noise,False
oscillator_low_noise,oscillator_low_noise,PySINDy,-1.000e+00*x,0.0001418553,0.009543801,oscillator_low,noise,False
oscillator_low_noise,oscillator_low_noise,PySR,-x - 0.00025102496,0.0001420026,0.009551387,oscillator_low,noise,False
oscillator_low_noise,oscillator_low_noise,QLattice,-0.9994*x - 0.001266,0.0001448049,0.009659758,oscillator_low,noise,False
oscillator_no_noise,oscillator_no_noise,GPLearn,-0.995*x,3.509155e-05,0.005143285,oscillator_no,noise,False
oscillator_no_noise,oscillator_no_noise,MLP_Dropout,Red Neuronal (dropout),0.001362232,0.02623,oscillator_no,noise,False
oscillator_no_noise,oscillator_no_noise,MLP_Sparse,Red Neuronal (sparse),2.231417e-05,0.003788289,oscillator_no,noise,False
oscillator_no_noise,oscillator_no_noise,MLP_Standard,Red Neuronal (standard),4.087358e-09,4.860235e-05,oscillator_no,noise,False
oscillator_no_noise,oscillator_no_noise,Polynomial,2.52e-8*x**5 - 1.396e-8*x**4 + 6.222e-8*x**3 - 1.068e-8*x**2 - 1.0*x + 5.34e-8,8.366254e-14,2.513538e-07,oscillator_no,noise,False
oscillator_no_noise,oscillator_no_noise,PySINDy,-1.000e+00*x,1.919895e-14,1.203034e-07,oscillator_no,noise,False
oscillator_no_noise,oscillator_no_noise,PySR,-x - x + x,0.0,0.0,oscillator_no,noise,False
oscillator_no_noise,oscillator_no_noise,QLattice,-7.376*(1.356*x + 0.002145)*sqrt(1/(0.0117*x - 1.645)) + 0.001582,5.366945e-15,4.329381e-08,oscillator_no,noise,False
projectile_range_high_noise,projectile_range_high_noise,GPLearn,v0**(3/2)*sqrt(log(theta - 0.761)),0.4920722,0.5104397,projectile_range_high,noise,False
projectile_range_high_noise,projectile_range_high_noise,MLP_Dropout,Red Neuronal (dropout),0.06307893,0.2004715,projectile_range_high,noise,False
projectile_range_high_noise,projectile_range_high_noise,MLP_Sparse,Red Neuronal (sparse),0.04886574,0.1757006,projectile_range_high,noise,False
projectile_range_high_noise,projectile_range_high_noise,MLP_Standard,Red Neuronal (standard),0.04995011,0.1782292,projectile_range_high,noise,False
projectile_range_high_noise,projectile_range_high_noise,Polynomial,-1.153*theta**5 + 2.237*theta**4*v0 + 2.764*theta**4 + 0.009846*theta**3*v0**2 - 6.963*theta**3*v0 - 1.094*theta**3 - 0.01388*theta**2*v0**3 - 1.672*theta**2*v0**2 + 7.053*theta**2*v0 - 1.292*theta**2 + 0.05049*theta*v0**4 - 0.3577*theta*v0**3 + 3.624*theta*v0**2 - 3.684*theta*v0 + 1.29*theta + 0.002035*v0**5 - 0.1106*v0**4 + 0.7262*v0**3 - 1.865*v0**2 + 2.134*v0 - 0.7749,0.04807563,0.1744396,projectile_range_high,noise,False
projectile_range_high_noise,projectile_range_high_noise,PySINDy,-7.959e-02*1 + -1.209e-01*v0 + -2.723e-01*theta + -7.302e-02*v0^2 + 9.146e-01*v0 theta + -3.102e-01*theta^2 + 2.241e-02*v0^3 + 2.270e+00*v0^2 theta + 2.138e-01*v0 theta^2 + -1.204e-01*theta^3 + -4.937e-04*v0^4 + -1.461e+00*v0^2 theta^2 + -5.391e-01*v0 theta^3 + 3.390e-01*theta^4 + 7.854e-02*(1/v0) + 1.032e-02*(1/theta),0.05042035,0.1782157,projectile_range_high,noise,False
projectile_range_high_noise,projectile_range_high_noise,PySR,v0**2*sin(theta*2.001247),0.04785482,0.1734911,projectile_range_high,noise,False
projectile_range_high_noise,projectile_range_high_noise,QLattice,1.25*(0.6304*theta + 0.1075)**2*(0.6824*v0 + 0.01763)**2*(-2.272*theta + 0.001094*v0 + 3.952)**2 - 0.03147,0.04980893,0.1773883,projectile_range_high,noise,False
projectile_range_low_noise,projectile_range_low_noise,GPLearn,v0**(3/2)*sqrt(log(theta - 0.761)),0.4407423,0.4828059,projectile_range_low,noise,False
projectile_range_low_noise,projectile_range_low_noise,MLP_Dropout,Red Neuronal (dropout),0.01330617,0.08571019,projectile_range_low,noise,False
projectile_range_low_noise,projectile_range_low_noise,MLP_Sparse,Red Neuronal (sparse),0.0007806738,0.02134856,projectile_range_low,noise,False
projectile_range_low_noise,projectile_range_low_noise,MLP_Standard,Red Neuronal (standard),0.0006154254,0.01967136,projectile_range_low,noise,False
projectile_range_low_noise,projectile_range_low_noise,Polynomial,0.0005253*theta**5 + 2.203*theta**4*v0 - 1.649*theta**4 + 0.0167*theta**3*v0**2 - 6.987*theta**3*v0 + 5.217*theta**3 + 0.006648*theta**2*v0**3 - 1.816*theta**2*v0**2 + 7.462*theta**2*v0 - 5.54*theta**2 - 0.001499*theta*v0**4 + 0.0001492*theta*v0**3 + 2.793*theta*v0**2 - 3.027*theta*v0 + 2.229*theta - 0.0009686*v0**5 + 0.01002*v0**4 - 0.03646*v0**3 - 0.03697*v0**2 + 0.3177*v0 - 0.2523,0.0004997684,0.0176302,projectile_range_low,noise,False
projectile_range_low_noise,projectile_range_low_noise,PySINDy,-6.159e-01*1 + 1.256e+00*theta + -8.814e-02*v0^2 + 1.450e-02*v0 theta + -1.977e-01*theta^2 + 2.736e+00*v0^2 theta + -1.697e-02*v0 theta^2 + -1.094e+00*theta^3 + -1.739e+00*v0^2 theta^2 + 5.784e-01*theta^4 + 6.974e-02*(1/theta),0.00142856,0.02929387,projectile_range_low,noise,False
projectile_range_low_noise,projectile_range_low_noise,PySR,v0**2*sin(theta + theta),0.0004708257,0.01723428,projectile_range_low,noise,False
projectile_range_low_noise,projectile_range_low_noise,QLattice,17.86*exp(-2.0*(0.328*v0 - 1.402)**2 - 2.0*exp(-4.0*(0.5564 - 0.2058*v0)**2 - 4.0*(2.966 - 1.808*theta)**2*(-0.519*theta - 0.03606)**2)) - 0.4811,0.002446854,0.03629394,projectile_range_low,noise,False
projectile_range_no_noise,projectile_range_no_noise,GPLearn,v0**(3/2)*sqrt(log(theta - 0.761)),0.4406606,0.4832905,projectile_range_no,noise,False
projectile_range_no_noise,projectile_range_no_noise,MLP_Dropout,Red Neuronal (dropout),0.01427921,0.08906927,projectile_range_no,noise,False
projectile_range_no_noise,projectile_range_no_noise,MLP_Sparse,Red Neuronal (sparse),0.0002788168,0.01097656,projectile_range_no,noise,False
projectile_range_no_noise,projectile_range_no_noise,MLP_Standard,Red Neuronal (standard),5.518334e-05,0.005030288,projectile_range_no,noise,False
projectile_range_no_noise,projectile_range_no_noise,Polynomial,-0.006502*theta**5 + 2.152*theta**4*v0 - 1.543*theta**4 + 0.007607*theta**3*v0**2 - 6.789*theta**3*v0 + 4.908*theta**3 + 0.004607*theta**2*v0**3 - 1.79*theta**2*v0**2 + 7.21*theta**2*v0 - 5.215*theta**2 - 8.223e-5*theta*v0**4 - 0.005363*theta*v0**3 + 2.788*theta*v0**2 - 2.916*theta*v0 + 2.102*theta - 0.0003306*v0**5 + 0.003074*v0**4 - 0.009405*v0**3 - 0.08179*v0**2 + 0.337*v0 - 0.2473,2.412256e-05,0.003613105,projectile_range_no,noise,False
projectile_range_no_noise,projectile_range_no_noise,PySINDy,-6.142e-01*1 + 1.266e+00*theta + -8.802e-02*v0^2 + -2.066e-01*theta^2 + 2.740e+00*v0^2 theta + -1.102e+00*theta^3 + -1.744e+00*v0^2 theta^2 + 5.824e-01*theta^4 + 6.902e-02*(1/theta),0.000944237,0.0230138,projectile_range_no,noise,False
projectile_range_no_noise,projectile_range_no_noise,PySR,v0**2*sin(theta + theta),2.139891e-12,9.448528e-07,projectile_range_no,noise,False
projectile_range_no_noise,projectile_range_no_noise,QLattice,11.79 - 15.61*exp(-2.0*(0.142 - 0.1294*v0)**2 - 2.0*exp(-4.0*(2.5*theta - 1.964)**2*(0.112*v0 + 0.02396)**2)/(0.5962*v0 - 2.923)**2),0.0003973026,0.01453277,projectile_range_no,noise,False
radioactive_decay_high_noise,radioactive_decay_high_noise,GPLearn,cos(sqrt(t)),0.05918394,0.1889822,radioactive_decay_high,noise,False
radioactive_decay_high_noise,radioactive_decay_high_noise,MLP_Dropout,Red Neuronal (dropout),0.001048597,0.02597119,radioactive_decay_high,noise,False
radioactive_decay_high_noise,radioactive_decay_high_noise,MLP_Sparse,Red Neuronal (sparse),0.0008880395,0.02407985,radioactive_decay_high,noise,False
radioactive_decay_high_noise,radioactive_decay_high_noise,MLP_Standard,Red Neuronal (standard),0.0009124649,0.02431391,radioactive_decay_high,noise,False
radioactive_decay_high_noise,radioactive_decay_high_noise,Polynomial,-0.03926*lambd**5 + 0.07949*lambd**4*t + 0.1551*lambd**4 - 0.007316*lambd**3*t**2 - 0.4254*lambd**3*t - 0.157*lambd**3 - 0.004803*lambd**2*t**3 - 0.00621*lambd**2*t**2 + 1.002*lambd**2*t - 0.06902*lambd**2 + 0.02536*lambd*t**4 - 0.2041*lambd*t**3 + 0.7127*lambd*t**2 - 1.87*lambd*t + 0.1497*lambd - 0.003854*t**5 + 0.01813*t**4 + 0.0003354*t**3 - 0.1166*t**2 + 0.1622*t + 0.9673,0.0008770627,0.02390661,radioactive_decay_high,noise,False
radioactive_decay_high_noise,radioactive_decay_high_noise,PySINDy,9.868e-01*1 + 1.124e-01*lambd + -1.515e+00*lambd t + -1.602e-01*lambd^3 + 7.479e-01*lambd^2 t + 3.788e-01*lambd t^2 + 6.376e-02*lambd^4 + -1.642e-01*lambd^3 t + -3.001e-02*lambd^2 t^2 + -4.962e-02*lambd t^3,0.001058669,0.026016,radioactive_decay_high,noise,False
radioactive_decay_high_noise,radioactive_decay_high_noise,PySR,exp(lambd)**(-t),0.0008603765,0.02368821,radioactive_decay_high,noise,False
radioactive_decay_high_noise,radioactive_decay_high_noise,QLattice,1.003*exp((1.602*lambd + 0.002758)*(-0.6236*t - 4.649e-5)) - 0.0005873,0.0008614739,0.02369325,radioactive_decay_high,noise,False
radioactive_decay_low_noise,radioactive_decay_low_noise,GPLearn,cos(sqrt(t)),0.05852967,0.1882322,radioactive_decay_low,noise,False
radioactive_decay_low_noise,radioactive_decay_low_noise,MLP_Dropout,Red Neuronal (dropout),0.000147527,0.009288603,radioactive_decay_low,noise,False
radioactive_decay_low_noise,radioactive_decay_low_noise,MLP_Sparse,Red Neuronal (sparse),1.612372e-05,0.003025368,radioactive_decay_low,noise,False
radioactive_decay_low_noise,radioactive_decay_low_noise,MLP_Standard,Red Neuronal (standard),1.190247e-05,0.00276585,radioactive_decay_low,noise,False
radioactive_decay_low_noise,radioactive_decay_low_noise,Polynomial,-0.02738*lambd**5 + 0.07748*lambd**4*t + 0.09437*lambd**4 - 0.008796*lambd**3*t**2 - 0.4142*lambd**3*t - 0.04213*lambd**3 - 0.007481*lambd**2*t**3 + 0.009481*lambd**2*t**2 + 0.9724*lambd**2*t - 0.167*lambd**2 + 0.02698*lambd*t**4 - 0.2091*lambd*t**3 + 0.7075*lambd*t**2 - 1.852*lambd*t + 0.1883*lambd - 0.004592*t**5 + 0.02234*t**4 - 0.006948*t**3 - 0.1129*t**2 + 0.1635*t + 0.9592,1.775642e-05,0.003276678,radioactive_decay_low,noise,False
radioactive_decay_low_noise,radioactive_decay_low_noise,PySINDy,9.856e-01*1 + 1.130e-01*lambd + -1.513e+00*lambd t + -1.612e-01*lambd^3 + 7.472e-01*lambd^2 t + 3.773e-01*lambd t^2 + 6.405e-02*lambd^4 + -1.631e-01*lambd^3 t + -3.062e-02*lambd^2 t^2 + -4.921e-02*lambd t^3,0.0002054959,0.01074929,radioactive_decay_low,noise,False
radioactive_decay_low_noise,radioactive_decay_low_noise,PySR,exp(t)**(-lambd),8.554274e-06,0.002335474,radioactive_decay_low,noise,False
radioactive_decay_low_noise,radioactive_decay_low_noise,QLattice,0.9995*exp((0.0008908 - 0.5667*t)*(1.768*lambd - 0.00149)) - 0.0002786,8.701097e-06,0.002351643,radioactive_decay_low,noise,False
radioactive_decay_no_noise,radioactive_decay_no_noise,GPLearn,cos(sqrt(t)),0.05847866,0.1881207,radioactive_decay_no,noise,False
radioactive_decay_no_noise,radioactive_decay_no_noise,MLP_Dropout,Red Neuronal (dropout),0.0003116932,0.01304583,radioactive_decay_no,noise,False
radioactive_decay_no_noise,radioactive_decay_no_noise,MLP_Sparse,Red Neuronal (sparse),1.701075e-05,0.002893417,radioactive_decay_no,noise,False
radioactive_decay_no_noise,radioactive_decay_no_noise,MLP_Standard,Red Neuronal (standard),9.738137e-07,0.0007458903,radioactive_decay_no,noise,False
radioactive_decay_no_noise,radioactive_decay_no_noise,Polynomial,-0.0279*lambd**5 + 0.07706*lambd**4*t + 0.09825*lambd**4 - 0.008477*lambd**3*t**2 - 0.4132*lambd**3*t - 0.05152*lambd**3 - 0.007339*lambd**2*t**3 + 0.00777*lambd**2*t**2 + 0.9732*lambd**2*t - 0.1583*lambd**2 + 0.02684*lambd*t**4 - 0.2086*lambd*t**3 + 0.7085*lambd*t**2 - 1.854*lambd*t + 0.186*lambd - 0.004688*t**5 + 0.02326*t**4 - 0.009915*t**3 - 0.1094*t**2 + 0.1626*t + 0.9592,9.206804e-06,0.002225346,radioactive_decay_no,noise,False
radioactive_decay_no_noise,radioactive_decay_no_noise,PySINDy,9.853e-01*1 + 1.136e-01*lambd + -1.512e+00*lambd t + -1.616e-01*lambd^3 + 7.466e-01*lambd^2 t + 3.774e-01*lambd t^2 + 6.424e-02*lambd^4 + -1.629e-01*lambd^3 t + -3.057e-02*lambd^2 t^2 + -4.924e-02*lambd t^3,0.0001966891,0.01037745,radioactive_decay_no,noise,False
radioactive_decay_no_noise,radioactive_decay_no_noise,PySR,exp(lambd)**(-t),4.699228e-15,4.972634e-08,radioactive_decay_no,noise,False
radioactive_decay_no_noise,radioactive_decay_no_noise,QLattice,1.0*exp((1.303e-6 - 0.9772*t)*(1.023*lambd - 3.536e-6)) - 4.261e-7,1.482705e-12,1.016974e-06,radioactive_decay_no,noise,False
time_dilation_high_noise,time_dilation_high_noise,GPLearn,t*(v + 1),0.1706376,0.3222452,time_dilation_high,noise,False
time_dilation_high_noise,time_dilation_high_noise,MLP_Dropout,Red Neuronal (dropout),0.00949133,0.07287658,time_dilation_high,noise,False
time_dilation_high_noise,time_dilation_high_noise,MLP_Sparse,Red Neuronal (sparse),0.007042542,0.06655664,time_dilation_high,noise,False
time_dilation_high_noise,time_dilation_high_noise,MLP_Standard,Red Neuronal (standard),0.007108547,0.06700521,time_dilation_high,noise,False
time_dilation_high_noise,time_dilation_high_noise,Polynomial,-0.17*t**5 + 0.4091*t**4*v + 0.9131*t**4 + 0.2299*t**3*v**2 - 2.243*t**3*v - 1.77*t**3 + 0.8423*t**2*v**3 - 1.924*t**2*v**2 + 4.696*t**2*v + 1.455*t**2 + 15.25*t*v**4 - 24.32*t*v**3 + 14.75*t*v**2 - 6.013*t*v + 0.626*t + 47.09*v**5 - 111.2*v**4 + 94.17*v**3 - 34.34*v**2 + 5.637*v - 0.1093,0.008378094,0.0709329,time_dilation_high,noise,False
time_dilation_high_noise,time_dilation_high_noise,PySINDy,2.438e-01*1 + 5.981e-01*t + 1.584e+00*v + 3.905e-01*t^2 + 5.339e-01*t v + -3.135e+00*v^2 + -2.081e-01*t^3 + -2.635e-01*t^2 v + -1.826e+00*t v^2 + -7.115e-01*v^3 + 4.164e-02*t^4 + 8.178e-02*t^3 v + -3.953e-02*t^2 v^2 + 3.487e+00*t v^3 + 2.684e+00*v^4 + -2.667e-01*(1/t) + 7.440e-02*(1/t^2),0.01719245,0.09353236,time_dilation_high,noise,False
time_dilation_high_noise,time_dilation_high_noise,PySR,t/cos((v + 0.16311686)**2),0.008920939,0.07476669,time_dilation_high,noise,False
time_dilation_high_noise,time_dilation_high_noise,QLattice,0.7697*t - 0.8242*(0.901*t - 0.002461)/(3.549*v - 3.683) + 0.01206,0.006882008,0.06600908,time_dilation_high,noise,False
time_dilation_low_noise,time_dilation_low_noise,GPLearn,t*(v + 1),0.1641131,0.3185791,time_dilation_low,noise,False
time_dilation_low_noise,time_dilation_low_noise,MLP_Dropout,Red Neuronal (dropout),0.003167117,0.02906412,time_dilation_low,noise,False
time_dilation_low_noise,time_dilation_low_noise,MLP_Sparse,Red Neuronal (sparse),0.0001296167,0.007910104,time_dilation_low,noise,False
time_dilation_low_noise,time_dilation_low_noise,MLP_Standard,Red Neuronal (standard),0.0001147129,0.007823712,time_dilation_low,noise,False
time_dilation_low_noise,time_dilation_low_noise,Polynomial,-0.01266*t**5 + 0.2917*t**4*v - 0.03046*t**4 + 0.351*t**3*v**2 - 1.74*t**3*v + 0.4015*t**3 + 0.3072*t**2*v**3 - 1.712*t**2*v**2 + 3.787*t**2*v - 0.9309*t**2 + 15.48*t*v**4 - 23.61*t*v**3 + 14.19*t*v**2 - 5.363*t*v + 1.888*t + 46.22*v**5 - 109.4*v**4 + 92.53*v**3 - 33.76*v**2 + 5.515*v - 0.379,0.00169923,0.0258296,time_dilation_low,noise,False
time_dilation_low_noise,time_dilation_low_noise,PySINDy,2.416e-01*1 + 5.745e-01*t + 1.632e+00*v + 3.810e-01*t^2 + 5.219e-01*t v + -3.141e+00*v^2 + -1.815e-01*t^3 + -2.980e-01*t^2 v + -1.837e+00*t v^2 + -7.283e-01*v^3 + 3.316e-02*t^4 + 9.627e-02*t^3 v + -4.032e-02*t^2 v^2 + 3.521e+00*t v^3 + 2.668e+00*v^4 + -2.415e-01*(1/t) + 6.195e-02*(1/t^2),0.01019125,0.06533493,time_dilation_low,noise,False
time_dilation_low_noise,time_dilation_low_noise,PySR,t/(cos(v*1.5881233)**0.4212728),0.0001246493,0.008868076,time_dilation_low,noise,False
time_dilation_low_noise,time_dilation_low_noise,QLattice,0.7705*t + 0.002551 - 0.6356*(-0.5202*t - 4.921e-5)/(1.632 - 1.573*v),0.0002040859,0.01126889,time_dilation_low,noise,False
time_dilation_no_noise,time_dilation_no_noise,GPLearn,t*(v + 1),0.1640804,0.3186265,time_dilation_no,noise,False
time_dilation_no_noise,time_dilation_no_noise,MLP_Dropout,Red Neuronal (dropout),0.002217069,0.02779884,time_dilation_no,noise,False
time_dilation_no_noise,time_dilation_no_noise,MLP_Sparse,Red Neuronal (sparse),5.757415e-05,0.003306028,time_dilation_no,noise,False
time_dilation_no_noise,time_dilation_no_noise,MLP_Standard,Red Neuronal (standard),3.003025e-05,0.003258578,time_dilation_no,noise,False
time_dilation_no_noise,time_dilation_no_noise,Polynomial,-0.01782*t**5 + 0.2808*t**4*v + 0.0131*t**4 + 0.3882*t**3*v**2 - 1.727*t**3*v + 0.2748*t**3 + 0.2498*t**2*v**3 - 1.768*t**2*v**2 + 3.814*t**2*v - 0.768*t**2 + 15.52*t*v**4 - 23.53*t*v**3 + 14.17*t*v**2 - 5.397*t*v + 1.795*t + 46.19*v**5 - 109.4*v**4 + 92.47*v**3 - 33.71*v**2 + 5.518*v - 0.3594,0.001619945,0.02522876,time_dilation_no,noise,False
time_dilation_no_noise,time_dilation_no_noise,PySINDy,2.415e-01*1 + 5.793e-01*t + 1.632e+00*v + 3.835e-01*t^2 + 5.221e-01*t v + -3.141e+00*v^2 + -1.861e-01*t^3 + -2.980e-01*t^2 v + -1.838e+00*t v^2 + -7.277e-01*v^3 + 3.440e-02*t^4 + 9.620e-02*t^3 v + -3.885e-02*t^2 v^2 + 3.519e+00*t v^3 + 2.670e+00*v^4 + -2.474e-01*(1/t) + 6.438e-02*(1/t^2),0.01011943,0.06544147,time_dilation_no,noise,False
time_dilation_no_noise,time_dilation_no_noise,PySR,t*(1.6901535 + 1/cos(v**1.3647355 + 0.49836513))*0.3521552,0.000148325,0.006946746,time_dilation_no,noise,False
time_dilation_no_noise,time_dilation_no_noise,QLattice,-2.098*(1.039 - 0.7927*v)*(2.138*t - 0.0002444)/(4.605*v - 4.78) - 0.002938,0.0001524273,0.009454462,time_dilation_no,noise,False
